graph_id,label,num_nodes
0,1,85
1,1,59
2,1,68
3,1,13
4,1,49
5,1,85
6,1,44
7,1,45
8,1,13
9,1,65
10,1,81
11,1,57
12,1,59
13,1,44
14,1,85
15,1,14
16,1,65
17,1,65
18,1,84
19,1,70
20,1,68
21,1,21
22,1,11
23,1,48
24,1,68
25,1,11
26,1,45
27,1,65
28,1,85
29,1,49
30,1,68
31,1,84
32,1,84
33,1,84
34,1,70
35,1,55
36,1,21
37,1,8
38,1,95
39,1,3
40,1,45
41,1,13
42,1,65
43,1,78
44,1,11
45,1,85
46,1,65
47,1,65
48,1,58
49,1,70
50,1,65
51,1,65
52,1,65
53,1,70
54,1,30
55,1,84
56,1,54
57,1,59
58,1,85
59,1,65
60,1,65
61,1,65
62,1,58
63,1,39
64,1,85
65,1,70
66,1,71
67,1,70
68,1,85
69,1,13
70,1,16
71,1,58
72,1,85
73,1,84
74,1,65
75,1,25
76,1,65
77,1,65
78,1,85
79,1,65
80,1,65
81,1,84
82,1,65
83,1,85
84,1,85
85,1,65
86,1,53
87,1,81
88,1,59
89,1,71
90,1,71
91,1,64
92,1,19
93,1,85
94,1,21
95,1,59
96,1,71
97,1,58
98,1,39
99,1,70
100,1,65
101,1,54
102,1,53
103,1,85
104,1,85
105,1,70
106,1,68
107,1,84
108,1,85
109,1,85
110,1,39
111,1,68
112,1,59
113,1,65
114,1,85
115,1,65
116,1,65
117,1,45
118,1,5
119,1,65
120,1,85
121,1,85
122,1,49
123,1,78
124,1,59
125,1,54
126,1,42
127,1,54
128,1,58
129,1,71
130,1,90
131,1,85
132,1,70
133,1,58
134,1,60
135,1,65
136,1,23
137,1,70
138,1,65
139,1,65
140,1,68
141,1,59
142,1,84
143,1,65
144,1,85
145,1,11
146,1,55
147,1,65
148,1,49
149,1,11
150,1,21
151,1,85
152,1,84
153,1,78
154,1,58
155,1,70
156,1,70
157,1,53
158,1,85
159,1,58
160,1,58
161,1,71
162,1,65
163,1,65
164,1,47
165,1,85
166,1,65
167,1,45
168,1,65
169,1,65
170,1,85
171,1,65
172,1,85
173,1,54
174,1,68
175,1,58
176,1,11
177,1,70
178,1,65
179,1,49
180,1,85
181,1,70
182,1,11
183,1,65
184,1,65
185,1,65
186,1,45
187,1,25
188,1,65
189,1,70
190,1,59
191,1,70
192,1,85
193,1,65
194,1,39
195,1,5
196,1,66
197,1,65
198,1,11
199,1,65
200,1,68
201,1,58
202,1,60
203,1,59
204,1,59
205,1,65
206,1,84
207,1,81
208,1,25
209,1,59
210,1,59
211,1,78
212,1,84
213,1,53
214,1,65
215,1,83
216,1,11
217,1,59
218,1,84
219,1,85
220,1,85
221,1,58
222,1,11
223,1,54
224,1,42
225,1,59
226,1,65
227,1,65
228,1,68
229,1,68
230,1,65
231,1,65
232,1,12
233,1,58
234,1,58
235,1,65
236,1,84
237,1,44
238,1,58
239,1,85
240,1,84
241,1,68
242,1,85
243,1,53
244,1,81
245,1,65
246,1,14
247,1,70
248,1,5
249,1,70
250,1,13
251,1,84
252,1,39
253,1,39
254,1,85
255,1,65
256,1,39
257,1,42
258,1,85
259,1,65
260,1,65
261,1,59
262,1,21
263,1,44
264,1,55
265,1,68
266,1,65
267,1,70
268,1,55
269,1,13
270,1,85
271,1,85
272,1,49
273,1,51
274,1,65
275,1,21
276,1,59
277,1,68
278,1,59
279,1,85
280,1,11
281,1,84
282,1,65
283,1,70
284,1,83
285,1,85
286,1,70
287,1,59
288,1,76
289,1,65
290,1,85
291,1,65
292,1,49
293,1,47
294,1,65
295,1,70
296,1,59
297,1,65
298,1,58
299,1,65
300,1,59
301,1,65
302,1,60
303,1,49
304,1,65
305,1,58
306,1,44
307,1,65
308,1,85
309,1,85
310,1,81
311,1,53
312,1,11
313,1,58
314,1,59
315,1,85
316,1,85
317,1,65
318,1,65
319,1,85
320,1,13
321,1,59
322,1,65
323,1,81
324,1,55
325,1,85
326,1,65
327,1,65
328,1,13
329,1,70
330,1,85
331,1,13
332,1,83
333,1,65
334,1,85
335,1,25
336,1,65
337,1,45
338,1,11
339,1,85
340,1,70
341,1,14
342,1,58
343,1,65
344,1,65
345,1,21
346,1,70
347,1,59
348,1,3
349,1,65
350,1,65
351,1,58
352,1,68
353,1,78
354,1,85
355,1,74
356,1,84
357,1,39
358,1,44
359,1,63
360,1,55
361,1,85
362,1,45
363,1,65
364,1,21
365,1,85
366,1,70
367,1,45
368,1,65
369,1,81
370,1,36
371,1,65
372,1,85
373,1,70
374,1,65
375,1,78
376,1,59
377,1,39
378,1,54
379,1,65
380,1,65
381,1,84
382,1,70
383,1,23
384,1,11
385,1,68
386,1,39
387,1,47
388,1,59
389,1,49
390,1,84
391,1,81
392,1,85
393,1,65
394,1,85
395,1,16
396,1,39
397,1,65
398,1,14
399,1,60
400,1,70
401,1,70
402,1,65
403,1,85
404,1,60
405,1,85
406,1,39
407,1,85
408,1,65
409,1,36
410,1,64
411,1,81
412,1,84
413,1,82
414,1,65
415,1,70
416,1,16
417,1,79
418,1,44
419,1,84
420,1,85
421,1,39
422,1,54
423,1,65
424,1,57
425,1,65
426,1,84
427,1,85
428,1,85
429,1,59
430,1,65
431,1,63
432,1,84
433,1,65
434,1,13
435,1,65
436,1,85
437,1,85
438,1,58
439,1,85
440,1,85
441,1,60
442,1,16
443,1,45
444,1,13
445,1,85
446,1,65
447,1,65
448,1,70
449,1,78
450,1,65
451,1,68
452,1,59
453,1,70
454,1,70
455,1,44
456,1,70
457,1,5
458,1,70
459,1,84
460,1,65
461,1,58
462,1,14
463,1,70
464,1,65
465,1,70
466,1,36
467,1,65
468,1,49
469,1,59
470,1,14
471,1,59
472,1,45
473,1,45
474,1,70
475,1,59
476,1,85
477,1,59
478,1,70
479,1,65
480,1,65
481,1,85
482,1,70
483,1,70
484,1,65
485,1,70
486,1,70
487,1,16
488,1,68
489,1,88
490,1,49
491,1,85
492,1,44
493,1,3
494,1,84
495,1,59
496,1,85
497,1,59
498,1,44
499,1,65
500,1,44
501,1,85
502,1,65
503,1,54
504,1,70
505,1,53
506,1,126
507,1,59
508,1,65
509,1,54
510,1,84
511,1,83
512,1,85
513,1,70
514,1,13
515,1,55
516,1,65
517,1,65
518,1,65
519,1,59
520,1,44
521,1,49
522,1,65
523,1,85
524,1,65
525,1,68
526,1,58
527,1,59
528,1,59
529,1,55
530,1,65
531,1,84
532,1,70
533,1,68
534,1,65
535,1,65
536,1,85
537,1,85
538,1,65
539,1,55
540,1,65
541,1,70
542,1,65
543,1,65
544,1,65
545,1,21
546,1,84
547,1,11
548,1,63
549,1,68
550,1,53
551,1,70
552,1,14
553,1,3
554,1,81
555,1,54
556,1,85
557,1,65
558,1,81
559,1,70
560,1,65
561,1,65
562,1,49
563,1,59
564,1,65
565,1,65
566,1,63
567,1,65
568,1,85
569,1,85
570,1,59
571,1,68
572,1,65
573,1,57
574,1,59
575,1,85
576,1,85
577,1,51
578,1,53
579,1,3
580,1,84
581,1,39
582,1,14
583,1,65
584,1,84
585,1,55
586,1,70
587,1,65
588,1,65
589,1,13
590,1,65
591,1,59
592,1,13
593,1,65
594,1,70
595,1,59
596,1,65
597,1,85
598,1,65
599,1,72
600,1,86
601,1,81
602,1,86
603,1,65
604,1,13
605,1,59
606,1,59
607,1,54
608,1,84
609,1,65
610,1,62
611,1,55
612,1,58
613,1,65
614,1,65
615,1,11
616,1,65
617,1,21
618,1,85
619,1,70
620,1,70
621,1,65
622,1,59
623,1,84
624,1,4
625,1,85
626,1,55
627,1,59
628,1,84
629,1,3
630,1,54
631,1,85
632,1,60
633,1,85
634,1,59
635,1,70
636,1,65
637,1,85
638,1,50
639,1,85
640,1,58
641,1,85
642,1,85
643,1,70
644,1,5
645,1,49
646,1,13
647,1,51
648,1,68
649,1,70
650,1,60
651,1,59
652,1,9
653,1,5
654,1,59
655,1,70
656,1,85
657,1,65
658,1,55
659,1,85
660,1,65
661,1,53
662,1,85
663,1,85
664,1,84
665,1,65
666,1,71
667,1,58
668,1,62
669,1,70
670,1,70
671,1,68
672,1,64
673,1,42
674,1,45
675,1,65
676,1,63
677,1,85
678,1,65
679,1,85
680,1,11
681,1,65
682,1,59
683,1,65
684,1,59
685,1,65
686,1,49
687,1,59
688,1,25
689,1,39
690,1,13
691,1,65
692,1,85
693,1,68
694,1,63
695,1,54
696,1,3
697,1,65
698,1,55
699,1,13
700,1,65
701,1,39
702,1,65
703,1,84
704,1,85
705,1,85
706,1,59
707,1,84
708,1,11
709,1,65
710,1,57
711,1,65
712,1,11
713,1,68
714,1,65
715,1,65
716,1,59
717,1,85
718,1,85
719,1,65
720,1,65
721,1,70
722,1,68
723,1,13
724,1,85
725,1,70
726,1,62
727,1,65
728,1,39
729,1,49
730,1,58
731,1,25
732,1,65
733,1,65
734,1,65
735,1,16
736,1,70
737,1,65
738,1,65
739,1,65
740,1,25
741,1,58
742,1,55
743,1,79
744,1,70
745,1,42
746,1,11
747,1,3
748,1,11
749,1,49
750,1,70
751,1,65
752,1,59
753,1,65
754,1,39
755,1,65
756,1,65
757,1,65
758,1,85
759,1,65
760,1,49
761,1,49
762,1,68
763,1,68
764,1,85
765,1,70
766,1,65
767,1,65
768,1,65
769,1,63
770,1,65
771,1,65
772,1,65
773,1,85
774,1,59
775,1,84
776,1,85
777,1,81
778,1,59
779,1,49
780,1,48
781,1,70
782,1,84
783,1,68
784,1,9
785,1,136
786,1,49
787,1,85
788,1,65
789,1,65
790,1,65
791,1,85
792,1,65
793,1,85
794,1,54
795,1,70
796,1,65
797,1,5
798,1,44
799,1,65
800,1,65
801,1,70
802,1,21
803,1,85
804,1,85
805,1,65
806,1,16
807,1,65
808,1,85
809,1,58
810,1,62
811,1,53
812,1,83
813,1,45
814,1,44
815,1,59
816,1,81
817,1,65
818,1,84
819,1,85
820,1,85
821,1,49
822,1,8
823,1,39
824,1,70
825,1,84
826,1,21
827,1,65
828,1,65
829,1,60
830,1,65
831,1,65
832,1,70
833,1,70
834,1,84
835,1,65
836,1,59
837,1,63
838,1,235
839,1,12
840,1,81
841,1,65
842,1,85
843,1,59
844,1,85
845,1,65
846,1,84
847,1,25
848,1,53
849,1,44
850,1,44
851,1,59
852,1,65
853,1,85
854,1,21
855,1,5
856,1,84
857,1,45
858,1,70
859,1,16
860,1,65
861,1,36
862,1,85
863,1,65
864,1,39
865,1,11
866,1,21
867,1,59
868,1,85
869,1,58
870,1,36
871,1,65
872,1,85
873,1,70
874,1,39
875,1,85
876,1,65
877,1,70
878,1,44
879,1,65
880,1,55
881,1,54
882,1,83
883,1,84
884,1,85
885,1,84
886,1,65
887,1,65
888,1,59
889,1,85
890,1,81
891,1,84
892,1,59
893,1,25
894,1,13
895,1,53
896,1,13
897,1,65
898,1,13
899,1,45
900,1,59
901,1,39
902,1,85
903,1,85
904,1,85
905,1,78
906,1,70
907,1,85
908,1,65
909,1,14
910,1,65
911,1,39
912,1,16
913,1,70
914,1,45
915,1,11
916,1,53
917,1,84
918,1,85
919,1,85
920,1,65
921,1,39
922,1,85
923,1,65
924,1,44
925,1,65
926,1,85
927,1,65
928,1,36
929,1,70
930,1,54
931,1,39
932,1,63
933,1,85
934,1,65
935,1,39
936,1,65
937,1,49
938,1,65
939,1,70
940,1,84
941,1,59
942,1,70
943,1,65
944,1,65
945,1,70
946,1,85
947,1,70
948,1,13
949,1,70
950,1,36
951,1,39
952,1,65
953,1,84
954,1,14
955,1,65
956,1,85
957,1,65
958,1,68
959,1,65
960,1,85
961,1,85
962,1,84
963,1,65
964,1,68
965,1,65
966,1,11
967,1,65
968,1,70
969,1,70
970,1,63
971,1,13
972,1,65
973,1,68
974,1,70
975,1,5
976,1,13
977,1,85
978,1,70
979,1,65
980,1,59
981,1,70
982,1,62
983,1,65
984,1,65
985,1,59
986,1,85
987,1,64
988,1,70
989,1,85
990,1,84
991,1,70
992,1,59
993,1,21
994,1,59
995,1,85
996,1,55
997,1,70
998,1,59
999,1,84
1000,1,65
1001,1,53
1002,1,85
1003,1,65
1004,1,49
1005,1,65
1006,1,54
1007,1,16
1008,1,44
1009,1,65
1010,1,16
1011,1,78
1012,1,70
1013,1,58
1014,1,70
1015,1,59
1016,1,70
1017,1,65
1018,1,65
1019,1,85
1020,1,65
1021,1,45
1022,1,53
1023,1,85
1024,1,65
1025,1,5
1026,1,14
1027,1,65
1028,1,85
1029,1,85
1030,1,235
1031,1,84
1032,1,70
1033,1,65
1034,1,19
1035,1,84
1036,1,65
1037,1,59
1038,1,48
1039,1,59
1040,1,85
1041,1,65
1042,1,65
1043,1,25
1044,1,65
1045,1,59
1046,1,84
1047,1,65
1048,1,65
1049,1,59
1050,1,54
1051,1,58
1052,1,39
1053,1,65
1054,1,45
1055,1,85
1056,1,59
1057,1,85
1058,1,63
1059,1,45
1060,1,65
1061,1,85
1062,1,54
1063,1,85
1064,1,70
1065,1,49
1066,1,13
1067,1,65
1068,1,57
1069,1,21
1070,1,65
1071,1,59
1072,1,85
1073,1,65
1074,1,19
1075,1,59
1076,1,70
1077,1,84
1078,1,65
1079,1,65
1080,1,65
1081,1,66
1082,1,85
1083,1,65
1084,1,65
1085,1,85
1086,1,65
1087,1,67
1088,1,21
1089,1,85
1090,1,36
1091,1,84
1092,1,85
1093,1,59
1094,1,85
1095,1,65
1096,1,65
1097,1,11
1098,1,65
1099,1,68
1100,1,81
1101,1,45
1102,1,13
1103,1,85
1104,1,84
1105,1,49
1106,1,65
1107,1,11
1108,1,65
1109,1,83
1110,1,59
1111,1,59
1112,1,84
1113,1,65
1114,1,85
1115,1,65
1116,1,85
1117,1,81
1118,1,68
1119,1,13
1120,1,65
1121,1,70
1122,1,84
1123,1,58
1124,1,85
1125,1,60
1126,1,58
1127,1,65
1128,1,85
1129,1,57
1130,1,65
1131,1,59
1132,1,21
1133,1,83
1134,1,16
1135,1,59
1136,1,39
1137,1,54
1138,1,117
1139,1,70
1140,1,60
1141,1,65
1142,1,59
1143,1,55
1144,1,11
1145,1,58
1146,1,68
1147,1,42
1148,1,78
1149,1,44
1150,1,65
1151,1,48
1152,1,65
1153,1,65
1154,1,68
1155,1,65
1156,1,44
1157,1,45
1158,1,55
1159,1,85
1160,1,36
1161,1,70
1162,1,11
1163,1,84
1164,1,65
1165,1,59
1166,1,85
1167,1,59
1168,1,47
1169,1,84
1170,1,3
1171,1,59
1172,1,58
1173,1,70
1174,1,53
1175,1,13
1176,1,59
1177,1,54
1178,1,85
1179,1,11
1180,1,85
1181,1,45
1182,1,84
1183,1,64
1184,1,62
1185,1,84
1186,1,65
1187,1,65
1188,1,70
1189,1,65
1190,1,13
1191,1,59
1192,1,85
1193,1,65
1194,1,68
1195,1,65
1196,1,85
1197,1,59
1198,1,65
1199,1,59
1200,1,85
1201,1,70
1202,1,13
1203,1,84
1204,1,59
1205,1,68
1206,1,70
1207,1,65
1208,1,45
1209,1,13
1210,1,65
1211,1,78
1212,1,65
1213,1,13
1214,1,65
1215,1,70
1216,1,21
1217,1,59
1218,1,85
1219,1,44
1220,1,60
1221,1,39
1222,1,5
1223,1,47
1224,1,85
1225,1,59
1226,1,65
1227,1,84
1228,1,67
1229,1,64
1230,1,65
1231,1,61
1232,1,57
1233,1,59
1234,1,39
1235,1,55
1236,1,65
1237,1,70
1238,1,55
1239,1,78
1240,1,85
1241,1,65
1242,1,65
1243,1,65
1244,1,59
1245,1,54
1246,1,85
1247,1,5
1248,1,70
1249,1,68
1250,1,68
1251,1,45
1252,1,65
1253,1,55
1254,1,85
1255,1,13
1256,1,23
1257,1,65
1258,1,84
1259,1,65
1260,1,39
1261,1,65
1262,1,85
1263,1,55
1264,1,84
1265,1,65
1266,1,13
1267,1,58
1268,1,65
1269,1,44
1270,1,65
1271,1,65
1272,1,65
1273,1,59
1274,1,11
1275,1,60
1276,1,70
1277,1,53
1278,1,64
1279,1,21
1280,1,54
1281,1,11
1282,1,55
1283,1,59
1284,1,65
1285,1,85
1286,1,70
1287,1,14
1288,1,68
1289,1,85
1290,1,68
1291,1,85
1292,1,71
1293,1,64
1294,1,68
1295,1,85
1296,1,44
1297,1,59
1298,1,70
1299,1,59
1300,1,85
1301,1,84
1302,1,68
1303,1,85
1304,1,65
1305,1,85
1306,1,85
1307,1,55
1308,1,70
1309,1,85
1310,1,65
1311,1,70
1312,1,65
1313,1,85
1314,1,65
1315,1,59
1316,1,39
1317,1,85
1318,1,70
1319,1,63
1320,1,65
1321,1,59
1322,1,65
1323,1,85
1324,1,65
1325,1,21
1326,1,70
1327,1,70
1328,1,60
1329,1,70
1330,1,65
1331,1,54
1332,1,68
1333,1,81
1334,1,11
1335,1,85
1336,1,21
1337,1,85
1338,1,85
1339,1,65
1340,1,84
1341,1,70
1342,1,85
1343,1,65
1344,1,85
1345,1,85
1346,1,65
1347,1,65
1348,1,47
1349,1,13
1350,1,70
1351,1,85
1352,1,69
1353,1,21
1354,1,65
1355,1,65
1356,1,59
1357,1,54
1358,1,53
1359,1,65
1360,1,84
1361,1,62
1362,1,70
1363,1,70
1364,1,64
1365,1,85
1366,1,65
1367,1,58
1368,1,54
1369,1,85
1370,1,70
1371,1,45
1372,1,85
1373,1,126
1374,1,85
1375,1,58
1376,1,54
1377,1,49
1378,1,11
1379,1,58
1380,1,70
1381,1,68
1382,1,58
1383,1,70
1384,1,65
1385,1,70
1386,1,68
1387,1,58
1388,1,84
1389,1,59
1390,1,85
1391,1,21
1392,1,59
1393,1,64
1394,1,65
1395,1,65
1396,1,3
1397,1,85
1398,1,85
1399,1,55
1400,1,70
1401,1,70
1402,1,38
1403,1,48
1404,1,59
1405,1,45
1406,1,65
1407,1,70
1408,1,65
1409,1,21
1410,1,85
1411,1,65
1412,1,70
1413,1,65
1414,1,59
1415,1,65
1416,1,79
1417,1,70
1418,1,85
1419,1,70
1420,1,59
1421,1,55
1422,1,84
1423,1,65
1424,1,65
1425,1,55
1426,1,85
1427,1,58
1428,1,70
1429,1,65
1430,1,70
1431,1,39
1432,1,84
1433,1,95
1434,1,134
1435,1,55
1436,1,59
1437,1,71
1438,1,47
1439,1,54
1440,1,84
1441,1,65
1442,1,65
1443,1,65
1444,1,68
1445,1,85
1446,1,70
1447,1,49
1448,1,49
1449,1,84
1450,1,65
1451,1,65
1452,1,70
1453,1,85
1454,1,65
1455,1,70
1456,1,70
1457,1,54
1458,1,78
1459,1,13
1460,1,51
1461,1,59
1462,1,81
1463,1,85
1464,1,13
1465,1,65
1466,1,36
1467,1,3
1468,1,84
1469,1,59
1470,1,65
1471,1,84
1472,1,65
1473,1,54
1474,1,68
1475,1,49
1476,1,59
1477,1,59
1478,1,59
1479,1,84
1480,1,85
1481,1,79
1482,1,68
1483,1,85
1484,1,65
1485,1,65
1486,1,70
1487,1,85
1488,1,59
1489,1,11
1490,1,62
1491,1,85
1492,1,39
1493,1,134
1494,1,68
1495,1,45
1496,1,59
1497,1,53
1498,1,65
1499,1,84
1500,1,85
1501,1,85
1502,1,65
1503,1,65
1504,1,65
1505,1,65
1506,1,16
1507,1,68
1508,1,42
1509,1,68
1510,1,55
1511,1,79
1512,1,85
1513,1,13
1514,1,60
1515,1,85
1516,1,55
1517,1,16
1518,1,65
1519,1,58
1520,1,65
1521,1,70
1522,1,70
1523,1,65
1524,1,68
1525,1,85
1526,1,85
1527,1,65
1528,1,60
1529,1,65
1530,1,49
1531,1,65
1532,1,16
1533,1,59
1534,1,70
1535,1,49
1536,1,59
1537,1,85
1538,1,89
1539,1,58
1540,1,65
1541,1,51
1542,1,13
1543,1,85
1544,1,84
1545,1,53
1546,1,65
1547,1,70
1548,1,70
1549,1,85
1550,1,65
1551,1,84
1552,1,55
1553,1,85
1554,1,84
1555,1,65
1556,1,44
1557,1,65
1558,1,68
1559,1,84
1560,1,55
1561,1,85
1562,1,55
1563,1,85
1564,1,55
1565,1,85
1566,1,65
1567,1,45
1568,1,59
1569,1,70
1570,1,54
1571,1,68
1572,1,65
1573,1,84
1574,1,70
1575,1,65
1576,1,85
1577,1,70
1578,1,53
1579,1,49
1580,1,65
1581,1,85
1582,1,65
1583,1,70
1584,1,60
1585,1,65
1586,1,85
1587,1,65
1588,1,47
1589,1,65
1590,1,65
1591,1,85
1592,1,85
1593,1,65
1594,1,13
1595,1,59
1596,1,58
1597,1,70
1598,1,65
1599,1,68
1600,1,85
1601,1,58
1602,1,84
1603,1,45
1604,1,85
1605,1,85
1606,1,59
1607,1,65
1608,1,81
1609,1,85
1610,1,5
1611,1,70
1612,1,55
1613,1,65
1614,1,65
1615,1,59
1616,1,65
1617,1,14
1618,1,54
1619,1,65
1620,1,85
1621,1,65
1622,1,25
1623,1,59
1624,1,68
1625,1,59
1626,1,65
1627,1,21
1628,1,55
1629,1,49
1630,1,65
1631,1,78
1632,1,65
1633,1,47
1634,1,68
1635,1,58
1636,1,70
1637,1,59
1638,1,70
1639,1,85
1640,1,49
1641,1,65
1642,1,11
1643,1,242
1644,1,84
1645,1,70
1646,1,70
1647,1,59
1648,1,54
1649,1,85
1650,1,65
1651,1,65
1652,1,11
1653,1,55
1654,1,13
1655,1,68
1656,1,54
1657,1,65
1658,1,5
1659,1,13
1660,1,39
1661,1,84
1662,1,21
1663,1,85
1664,1,59
1665,1,65
1666,1,84
1667,1,53
1668,1,58
1669,1,65
1670,1,13
1671,1,68
1672,1,65
1673,1,85
1674,1,47
1675,1,21
1676,1,84
1677,1,65
1678,1,85
1679,1,59
1680,1,70
1681,1,70
1682,1,65
1683,1,85
1684,1,59
1685,1,84
1686,1,85
1687,1,84
1688,1,134
1689,1,70
1690,1,44
1691,1,58
1692,1,85
1693,1,65
1694,1,25
1695,1,59
1696,1,65
1697,1,84
1698,1,65
1699,1,70
1700,1,68
1701,1,65
1702,1,70
1703,1,58
1704,1,65
1705,1,65
1706,1,78
1707,1,59
1708,1,70
1709,1,59
1710,1,39
1711,1,85
1712,1,65
1713,1,65
1714,1,85
1715,1,59
1716,1,81
1717,1,16
1718,1,85
1719,1,54
1720,1,85
1721,1,13
1722,1,59
1723,1,70
1724,1,55
1725,1,65
1726,1,65
1727,1,65
1728,1,3
1729,1,68
1730,1,68
1731,1,65
1732,1,68
1733,1,25
1734,1,65
1735,1,65
1736,1,70
1737,1,49
1738,1,39
1739,1,39
1740,1,85
1741,1,65
1742,1,70
1743,1,65
1744,1,65
1745,1,16
1746,1,11
1747,1,84
1748,1,85
1749,1,85
1750,1,85
1751,1,64
1752,1,68
1753,1,65
1754,1,84
1755,1,63
1756,1,21
1757,1,68
1758,1,85
1759,1,3
1760,1,59
1761,1,65
1762,1,59
1763,1,39
1764,1,11
1765,1,47
1766,1,65
1767,1,65
1768,1,58
1769,1,81
1770,1,44
1771,1,11
1772,1,48
1773,1,84
1774,1,39
1775,1,62
1776,1,58
1777,1,65
1778,1,44
1779,1,5
1780,1,65
1781,1,44
1782,1,85
1783,1,85
1784,1,68
1785,1,65
1786,1,59
1787,1,58
1788,1,58
1789,1,85
1790,1,70
1791,1,70
1792,1,85
1793,1,65
1794,1,65
1795,1,14
1796,1,85
1797,1,55
1798,1,51
1799,1,84
1800,1,65
1801,1,85
1802,1,84
1803,1,65
1804,1,68
1805,1,44
1806,1,85
1807,1,65
1808,1,55
1809,1,71
1810,1,16
1811,1,85
1812,1,70
1813,1,59
1814,1,51
1815,1,65
1816,1,65
1817,1,59
1818,1,59
1819,1,83
1820,1,16
1821,1,65
1822,1,65
1823,1,57
1824,1,65
1825,1,57
1826,1,78
1827,1,50
1828,1,85
1829,1,47
1830,1,65
1831,1,25
1832,1,68
1833,1,65
1834,1,57
1835,1,65
1836,1,65
1837,1,25
1838,1,85
1839,1,54
1840,1,62
1841,1,85
1842,1,39
1843,1,65
1844,1,70
1845,1,59
1846,1,36
1847,1,65
1848,1,65
1849,1,49
1850,1,85
1851,1,70
1852,1,3
1853,1,65
1854,1,83
1855,1,85
1856,1,84
1857,1,65
1858,1,85
1859,1,28
1860,1,45
1861,1,65
1862,1,44
1863,1,85
1864,1,70
1865,1,81
1866,1,85
1867,1,13
1868,1,21
1869,1,39
1870,1,85
1871,1,57
1872,1,65
1873,1,74
1874,1,68
1875,1,13
1876,1,65
1877,1,70
1878,1,59
1879,1,50
1880,1,68
1881,1,84
1882,1,21
1883,1,65
1884,1,63
1885,1,68
1886,1,16
1887,1,70
1888,1,36
1889,1,65
1890,1,85
1891,1,65
1892,1,59
1893,1,13
1894,1,85
1895,1,85
1896,1,68
1897,1,45
1898,1,70
1899,1,36
1900,1,53
1901,1,49
1902,1,85
1903,1,81
1904,1,65
1905,1,5
1906,1,71
1907,1,70
1908,1,70
1909,1,39
1910,1,85
1911,1,65
1912,1,65
1913,1,39
1914,1,85
1915,1,85
1916,1,54
1917,1,85
1918,1,64
1919,1,53
1920,1,85
1921,1,68
1922,1,84
1923,1,85
1924,1,59
1925,1,65
1926,1,84
1927,1,59
1928,1,49
1929,1,70
1930,1,65
1931,1,39
1932,1,62
1933,1,58
1934,1,68
1935,1,59
1936,1,82
1937,1,65
1938,1,4
1939,1,65
1940,1,82
1941,1,58
1942,1,59
1943,1,53
1944,1,85
1945,1,65
1946,1,79
1947,1,84
1948,1,65
1949,1,21
1950,1,59
1951,1,85
1952,1,65
1953,1,85
1954,1,13
1955,1,65
1956,1,85
1957,1,59
1958,1,85
1959,1,85
1960,1,65
1961,1,85
1962,1,78
1963,1,65
1964,1,70
1965,1,11
1966,1,85
1967,1,42
1968,1,44
1969,1,65
1970,1,85
1971,1,65
1972,1,85
1973,1,70
1974,1,65
1975,1,65
1976,1,36
1977,1,49
1978,1,85
1979,1,54
1980,1,83
1981,1,70
1982,1,68
1983,1,70
1984,1,65
1985,1,85
1986,1,68
1987,1,84
1988,1,16
1989,1,85
1990,1,65
1991,1,59
1992,1,81
1993,1,45
1994,1,59
1995,1,59
1996,1,65
1997,1,68
1998,1,65
1999,1,44
2000,1,70
2001,1,85
2002,1,60
2003,1,25
2004,1,59
2005,1,5
2006,1,55
2007,1,85
2008,1,70
2009,1,108
2010,1,49
2011,1,45
2012,1,59
2013,1,59
2014,1,85
2015,1,70
2016,1,83
2017,1,70
2018,1,65
2019,1,59
2020,1,68
2021,1,71
2022,1,85
2023,1,68
2024,1,81
2025,1,65
2026,1,70
2027,1,59
2028,1,115
2029,1,85
2030,1,59
2031,1,5
2032,1,64
2033,1,14
2034,1,58
2035,1,11
2036,1,85
2037,1,68
2038,1,13
2039,1,49
2040,1,85
2041,1,63
2042,1,68
2043,1,13
2044,1,67
2045,1,65
2046,1,65
2047,1,58
2048,1,70
2049,1,55
2050,1,65
2051,1,65
2052,1,59
2053,1,54
2054,1,70
2055,1,85
2056,1,53
2057,1,16
2058,1,70
2059,1,84
2060,1,85
2061,1,59
2062,1,70
2063,1,49
2064,1,85
2065,1,85
2066,1,84
2067,1,65
2068,1,45
2069,1,65
2070,1,51
2071,1,49
2072,1,45
2073,1,44
2074,1,65
2075,1,4
2076,1,65
2077,1,85
2078,1,70
2079,1,11
2080,1,5
2081,1,59
2082,1,59
2083,1,70
2084,1,45
2085,1,39
2086,1,65
2087,1,65
2088,1,59
2089,1,85
2090,1,64
2091,1,85
2092,1,5
2093,1,39
2094,1,70
2095,1,53
2096,1,65
2097,1,54
2098,1,5
2099,1,49
2100,1,65
2101,1,65
2102,1,45
2103,1,65
2104,1,70
2105,1,70
2106,1,55
2107,1,65
2108,1,70
2109,1,54
2110,1,68
2111,1,21
2112,1,59
2113,1,65
2114,1,28
2115,1,85
2116,1,84
2117,1,59
2118,1,85
2119,1,65
2120,1,65
2121,1,65
2122,1,49
2123,1,11
2124,1,39
2125,1,55
2126,1,11
2127,1,65
2128,1,55
2129,1,71
2130,1,45
2131,1,65
2132,1,85
2133,1,70
2134,1,70
2135,1,65
2136,1,85
2137,1,85
2138,1,85
2139,1,5
2140,1,65
2141,1,54
2142,1,65
2143,1,3
2144,1,71
2145,1,44
2146,1,65
2147,1,65
2148,1,13
2149,1,85
2150,1,85
2151,1,65
2152,1,59
2153,1,58
2154,1,39
2155,1,55
2156,1,85
2157,1,54
2158,1,85
2159,1,85
2160,1,14
2161,1,45
2162,1,59
2163,1,21
2164,1,68
2165,1,85
2166,1,54
2167,1,81
2168,1,84
2169,1,55
2170,1,84
2171,1,13
2172,1,70
2173,1,65
2174,1,60
2175,1,59
2176,1,59
2177,1,65
2178,1,21
2179,1,85
2180,1,95
2181,1,47
2182,1,65
2183,1,78
2184,1,65
2185,1,58
2186,1,36
2187,1,59
2188,1,71
2189,1,21
2190,1,85
2191,1,68
2192,1,70
2193,1,44
2194,1,13
2195,1,13
2196,1,65
2197,1,54
2198,1,36
2199,1,58
2200,1,65
2201,1,70
2202,1,59
2203,1,59
2204,1,65
2205,1,70
2206,1,70
2207,1,63
2208,1,45
2209,1,64
2210,1,108
2211,1,21
2212,1,85
2213,1,71
2214,1,65
2215,1,65
2216,1,59
2217,1,65
2218,1,65
2219,1,70
2220,1,16
2221,1,65
2222,1,11
2223,1,85
2224,1,70
2225,1,70
2226,1,39
2227,1,58
2228,1,58
2229,1,84
2230,1,13
2231,1,84
2232,1,58
2233,1,55
2234,1,84
2235,1,85
2236,1,68
2237,1,60
2238,1,65
2239,1,59
2240,1,65
2241,1,70
2242,1,44
2243,1,70
2244,1,70
2245,1,70
2246,1,59
2247,1,84
2248,1,65
2249,1,65
2250,1,65
2251,1,70
2252,1,85
2253,1,59
2254,1,65
2255,1,65
2256,1,65
2257,1,49
2258,1,45
2259,1,65
2260,1,65
2261,1,13
2262,1,61
2263,1,61
2264,1,65
2265,1,13
2266,1,65
2267,1,21
2268,1,5
2269,1,39
2270,1,65
2271,1,85
2272,1,70
2273,1,85
2274,1,11
2275,1,68
2276,1,65
2277,1,65
2278,1,84
2279,1,65
2280,1,59
2281,1,85
2282,1,65
2283,1,85
2284,1,13
2285,1,13
2286,1,65
2287,1,47
2288,1,85
2289,1,59
2290,1,84
2291,1,45
2292,1,65
2293,1,68
2294,1,84
2295,1,36
2296,1,85
2297,1,54
2298,1,68
2299,1,85
2300,1,65
2301,1,55
2302,1,85
2303,1,59
2304,1,85
2305,1,65
2306,1,65
2307,1,11
2308,1,85
2309,1,39
2310,1,49
2311,1,85
2312,1,44
2313,1,59
2314,1,85
2315,1,85
2316,1,131
2317,1,65
2318,1,16
2319,1,53
2320,1,65
2321,1,10
2322,1,84
2323,1,21
2324,1,42
2325,1,65
2326,1,71
2327,1,13
2328,1,85
2329,1,84
2330,1,85
2331,1,65
2332,1,64
2333,1,65
2334,1,59
2335,1,11
2336,1,64
2337,1,85
2338,1,39
2339,1,59
2340,1,13
2341,1,65
2342,1,70
2343,1,13
2344,1,84
2345,1,70
2346,1,85
2347,1,57
2348,1,70
2349,1,13
2350,1,55
2351,1,85
2352,1,84
2353,1,11
2354,1,84
2355,1,64
2356,1,65
2357,1,85
2358,1,59
2359,1,65
2360,1,65
2361,1,13
2362,1,65
2363,1,5
2364,1,65
2365,1,52
2366,1,84
2367,1,11
2368,1,85
2369,1,84
2370,1,70
2371,1,70
2372,1,11
2373,1,70
2374,1,85
2375,1,84
2376,1,77
2377,1,39
2378,1,11
2379,1,39
2380,1,59
2381,1,21
2382,1,13
2383,1,105
2384,1,59
2385,1,85
2386,1,70
2387,1,65
2388,1,58
2389,1,59
2390,1,11
2391,1,84
2392,1,45
2393,1,68
2394,1,59
2395,1,45
2396,1,70
2397,1,13
2398,1,84
2399,1,65
2400,1,85
2401,1,65
2402,1,84
2403,1,65
2404,1,60
2405,1,65
2406,1,58
2407,1,85
2408,1,70
2409,1,84
2410,1,70
2411,1,55
2412,1,70
2413,1,59
2414,1,85
2415,1,14
2416,1,65
2417,1,65
2418,1,59
2419,1,65
2420,1,65
2421,1,55
2422,1,65
2423,1,65
2424,1,80
2425,1,85
2426,1,65
2427,1,65
2428,1,65
2429,1,85
2430,1,44
2431,1,85
2432,1,65
2433,1,65
2434,1,54
2435,1,65
2436,1,55
2437,1,70
2438,1,11
2439,1,49
2440,1,68
2441,1,59
2442,1,13
2443,1,65
2444,1,70
2445,1,59
2446,1,36
2447,1,85
2448,1,85
2449,1,85
2450,1,85
2451,1,70
2452,1,13
2453,1,65
2454,1,54
2455,1,85
2456,1,70
2457,1,59
2458,1,51
2459,1,70
2460,1,5
2461,1,39
2462,1,89
2463,1,49
2464,1,84
2465,1,5
2466,1,70
2467,1,83
2468,1,59
2469,1,3
2470,1,65
2471,1,11
2472,1,85
2473,1,89
2474,1,58
2475,1,85
2476,1,59
2477,1,85
2478,1,70
2479,1,126
2480,1,4
2481,1,65
2482,1,65
2483,1,58
2484,1,13
2485,1,65
2486,1,4
2487,1,95
2488,1,68
2489,1,84
2490,1,49
2491,1,13
2492,1,11
2493,1,58
2494,1,85
2495,1,85
2496,1,13
2497,1,59
2498,1,13
2499,1,84
2500,1,70
2501,1,60
2502,1,25
2503,1,65
2504,1,68
2505,1,70
2506,1,55
2507,1,59
2508,1,59
2509,1,59
2510,1,85
2511,1,68
2512,1,70
2513,1,11
2514,1,85
2515,1,65
2516,1,85
2517,1,53
2518,1,84
2519,1,65
2520,1,51
2521,1,85
2522,1,59
2523,1,65
2524,1,65
2525,1,85
2526,1,65
2527,1,59
2528,1,85
2529,1,44
2530,1,85
2531,1,65
2532,1,81
2533,1,54
2534,1,68
2535,1,68
2536,1,84
2537,1,59
2538,1,11
2539,1,85
2540,1,85
2541,1,13
2542,1,58
2543,1,39
2544,1,84
2545,1,47
2546,1,85
2547,1,65
2548,1,70
2549,1,28
2550,1,59
2551,1,68
2552,1,14
2553,1,85
2554,1,65
2555,1,85
2556,1,70
2557,1,55
2558,1,58
2559,1,65
2560,1,70
2561,1,70
2562,1,55
2563,1,65
2564,1,65
2565,1,59
2566,1,54
2567,1,59
2568,1,58
2569,1,84
2570,1,64
2571,1,65
2572,1,85
2573,1,3
2574,1,44
2575,1,88
2576,1,84
2577,1,53
2578,1,85
2579,1,65
2580,1,55
2581,1,85
2582,1,53
2583,1,44
2584,1,85
2585,1,13
2586,1,21
2587,1,65
2588,1,49
2589,1,85
2590,1,85
2591,1,55
2592,1,59
2593,1,59
2594,1,59
2595,1,70
2596,1,84
2597,1,13
2598,1,84
2599,1,21
2600,1,68
2601,1,16
2602,1,39
2603,1,25
2604,1,13
2605,1,70
2606,1,68
2607,1,70
2608,1,84
2609,1,84
2610,1,11
2611,1,26
2612,1,54
2613,1,84
2614,1,65
2615,1,81
2616,1,70
2617,1,65
2618,1,85
2619,1,21
2620,1,59
2621,1,39
2622,1,59
2623,1,44
2624,1,59
2625,1,85
2626,1,16
2627,1,85
2628,1,11
2629,1,65
2630,1,85
2631,1,59
2632,1,65
2633,1,49
2634,1,44
2635,1,70
2636,1,85
2637,1,60
2638,1,58
2639,1,85
2640,1,54
2641,1,59
2642,1,13
2643,1,55
2644,1,21
2645,1,64
2646,1,57
2647,1,48
2648,1,65
2649,1,49
2650,1,59
2651,1,84
2652,1,68
2653,1,54
2654,1,65
2655,1,65
2656,1,11
2657,1,60
2658,1,65
2659,1,65
2660,1,70
2661,1,65
2662,1,84
2663,1,85
2664,1,65
2665,1,85
2666,1,85
2667,1,85
2668,1,55
2669,1,21
2670,1,59
2671,1,45
2672,1,65
2673,1,65
2674,1,84
2675,1,70
2676,1,84
2677,1,11
2678,1,54
2679,1,70
2680,1,85
2681,1,59
2682,1,81
2683,1,84
2684,1,84
2685,1,65
2686,1,39
2687,1,85
2688,1,65
2689,1,65
2690,1,85
2691,1,70
2692,1,58
2693,1,59
2694,1,25
2695,1,68
2696,1,84
2697,1,85
2698,1,85
2699,1,65
2700,1,11
2701,1,85
2702,1,70
2703,1,78
2704,1,70
2705,1,65
2706,1,85
2707,1,55
2708,1,71
2709,1,84
2710,1,90
2711,1,85
2712,1,59
2713,1,65
2714,1,65
2715,1,70
2716,1,65
2717,1,85
2718,1,85
2719,1,65
2720,1,59
2721,1,45
2722,1,75
2723,1,85
2724,1,59
2725,1,65
2726,1,21
2727,1,84
2728,1,13
2729,1,81
2730,1,85
2731,1,84
2732,1,85
2733,1,85
2734,1,68
2735,1,65
2736,1,60
2737,1,45
2738,1,70
2739,1,59
2740,1,70
2741,1,65
2742,1,59
2743,1,55
2744,1,54
2745,1,54
2746,1,85
2747,1,65
2748,1,44
2749,1,70
2750,1,59
2751,1,70
2752,1,85
2753,1,65
2754,1,11
2755,1,70
2756,1,45
2757,1,51
2758,1,59
2759,1,70
2760,1,84
2761,1,70
2762,1,85
2763,1,9
2764,1,70
2765,1,85
2766,1,45
2767,1,85
2768,1,65
2769,1,84
2770,1,65
2771,1,70
2772,1,45
2773,1,65
2774,1,65
2775,1,65
2776,1,11
2777,1,45
2778,1,55
2779,1,55
2780,1,83
2781,1,65
2782,1,59
2783,1,13
2784,1,85
2785,1,21
2786,1,65
2787,1,39
2788,1,59
2789,1,85
2790,1,70
2791,1,81
2792,1,70
2793,1,3
2794,1,49
2795,1,25
2796,1,85
2797,1,59
2798,1,85
2799,1,79
2800,1,81
2801,1,65
2802,1,68
2803,1,21
2804,1,45
2805,1,68
2806,1,11
2807,1,58
2808,1,59
2809,1,70
2810,1,58
2811,1,53
2812,1,65
2813,1,84
2814,1,85
2815,1,45
2816,1,39
2817,1,72
2818,1,78
2819,1,59
2820,1,13
2821,1,55
2822,0,38
2823,0,9
2824,0,9
2825,0,7
2826,0,111
2827,0,68
2828,0,11
2829,0,57
2830,0,121
2831,0,30
2832,0,124
2833,0,63
2834,0,5
2835,0,124
2836,0,17
2837,0,12
2838,0,27
2839,0,188
2840,0,70
2841,0,69
2842,0,18
2843,0,66
2844,0,89
2845,0,83
2846,0,79
2847,0,44
2848,0,20
2849,0,34
2850,0,96
2851,0,51
2852,0,83
2853,0,188
2854,0,276
2855,0,26
2856,0,164
2857,0,22
2858,0,11
2859,0,101
2860,0,136
2861,0,185
2862,0,122
2863,0,89
2864,0,62
2865,0,188
2866,0,101
2867,0,185
2868,0,25
2869,0,31
2870,0,155
2871,0,181
2872,0,44
2873,0,25
2874,0,122
2875,0,129
2876,0,22
2877,0,53
2878,0,28
2879,0,242
2880,0,248
2881,0,10
2882,0,122
2883,0,5
2884,0,18
2885,0,73
2886,0,12
2887,0,4
2888,0,64
2889,0,5
2890,0,65
2891,0,244
2892,0,8
2893,0,211
2894,0,8
2895,0,57
2896,0,154
2897,0,80
2898,0,4
2899,0,11
2900,0,17
2901,0,87
2902,0,30
2903,0,10
2904,0,94
2905,0,114
2906,0,243
2907,0,37
2908,0,130
2909,0,21
2910,0,66
2911,0,15
2912,0,224
2913,0,282
2914,0,15
2915,0,104
2916,0,95
2917,0,12
2918,0,143
2919,0,5
2920,0,183
2921,0,133
2922,0,38
2923,0,38
2924,0,69
2925,0,46
2926,0,9
2927,0,4
2928,0,238
2929,0,80
2930,0,22
2931,0,19
2932,0,21
2933,0,20
2934,0,69
2935,0,10
2936,0,77
2937,0,62
2938,0,52
2939,0,62
2940,0,4
2941,0,15
2942,0,39
2943,0,9
2944,0,219
2945,0,13
2946,0,8
2947,0,38
2948,0,19
2949,0,5
2950,0,23
2951,0,252
2952,0,24
2953,0,129
2954,0,13
2955,0,57
2956,0,260
2957,0,97
2958,0,9
2959,0,36
2960,0,10
2961,0,228
2962,0,29
2963,0,75
2964,0,205
2965,0,343
2966,0,26
2967,0,78
2968,0,89
2969,0,79
2970,0,69
2971,0,5
2972,0,83
2973,0,113
2974,0,181
2975,0,81
2976,0,22
2977,0,267
2978,0,19
2979,0,290
2980,0,196
2981,0,91
2982,0,11
2983,0,82
2984,0,19
2985,0,188
2986,0,252
2987,0,9
2988,0,57
2989,0,40
2990,0,63
2991,0,4
2992,0,38
2993,0,280
2994,0,73
2995,0,5
2996,0,12
2997,0,18
2998,0,18
2999,0,50
3000,0,37
3001,0,5
3002,0,31
3003,0,105
3004,0,21
3005,0,91
3006,0,4
3007,0,5
3008,0,62
3009,0,41
3010,0,89
3011,0,14
3012,0,147
3013,0,19
3014,0,36
3015,0,250
3016,0,34
3017,0,23
3018,0,20
3019,0,89
3020,0,41
3021,0,55
3022,0,74
3023,0,36
3024,0,47
3025,0,32
3026,0,47
3027,0,62
3028,0,19
3029,0,15
3030,0,19
3031,0,30
3032,0,4
3033,0,25
3034,0,9
3035,0,11
3036,0,204
3037,0,17
3038,0,91
3039,0,3
3040,0,85
3041,0,36
3042,0,19
3043,0,17
3044,0,204
3045,0,89
3046,0,22
3047,0,50
3048,0,99
3049,0,109
3050,0,241
3051,0,20
3052,0,280
3053,0,4
3054,0,34
3055,0,188
3056,0,14
3057,0,188
3058,0,33
3059,0,166
3060,0,48
3061,0,222
3062,0,53
3063,0,188
3064,0,30
3065,0,11
3066,0,143
3067,0,13
3068,0,89
3069,0,34
3070,0,16
3071,0,14
3072,0,15
3073,0,189
3074,0,65
3075,0,74
3076,0,66
3077,0,11
3078,0,227
3079,0,12
3080,0,206
3081,0,13
3082,0,10
3083,0,15
3084,0,9
3085,0,20
3086,0,133
3087,0,37
3088,0,79
3089,0,10
3090,0,12
3091,0,22
3092,0,4
3093,0,63
3094,0,10
3095,0,222
3096,0,32
3097,0,23
3098,0,97
3099,0,34
3100,0,50
3101,0,8
3102,0,83
3103,0,249
3104,0,49
3105,0,8
3106,0,18
3107,0,88
3108,0,38
3109,0,22
3110,0,6
3111,0,183
3112,0,4
3113,0,10
3114,0,69
3115,0,5
3116,0,97
3117,0,20
3118,0,183
3119,0,86
3120,0,89
3121,0,249
3122,0,109
3123,0,292
3124,0,10
3125,0,25
3126,0,9
3127,0,227
3128,0,13
3129,0,18
3130,0,216
3131,0,9
3132,0,6
3133,0,70
3134,0,15
3135,0,19
3136,0,27
3137,0,10
3138,0,69
3139,0,5
3140,0,211
3141,0,57
3142,0,36
3143,0,23
3144,0,91
3145,0,100
3146,0,21
3147,0,193
3148,0,29
3149,0,58
3150,0,12
3151,0,222
3152,0,76
3153,0,12
3154,0,68
3155,0,25
3156,0,86
3157,0,3
3158,0,266
3159,0,29
3160,0,4
3161,0,87
3162,0,37
3163,0,11
3164,0,179
3165,0,139
3166,0,92
3167,0,7
3168,0,7
3169,0,89
3170,0,142
3171,0,14
3172,0,243
3173,0,343
3174,0,24
3175,0,20
3176,0,31
3177,0,3
3178,0,99
3179,0,25
3180,0,121
3181,0,30
3182,0,248
3183,0,39
3184,0,36
3185,0,11
3186,0,4
3187,0,10
3188,0,276
3189,0,36
3190,0,60
3191,0,3
3192,0,80
3193,0,115
3194,0,69
3195,0,37
3196,0,281
3197,0,4
3198,0,18
3199,0,11
3200,0,88
3201,0,62
3202,0,235
3203,0,4
3204,0,6
3205,0,225
3206,0,62
3207,0,19
3208,0,69
3209,0,37
3210,0,86
3211,0,83
3212,0,225
3213,0,11
3214,0,5
3215,0,12
3216,0,37
3217,0,145
3218,0,23
3219,0,37
3220,0,128
3221,0,205
3222,0,8
3223,0,69
3224,0,12
3225,0,18
3226,0,96
3227,0,72
3228,0,22
3229,0,8
3230,0,117
3231,0,3
3232,0,35
3233,0,75
3234,0,6
3235,0,36
3236,0,46
3237,0,19
3238,0,6
3239,0,168
3240,0,62
3241,0,79
3242,0,81
3243,0,75
3244,0,151
3245,0,9
3246,0,7
3247,0,189
3248,0,36
3249,0,19
3250,0,86
3251,0,16
3252,0,37
3253,0,23
3254,0,249
3255,0,260
3256,0,25
3257,0,104
3258,0,64
3259,0,23
3260,0,19
3261,0,3
3262,0,260
3263,0,133
3264,0,211
3265,0,29
3266,0,68
3267,0,169
3268,0,12
3269,0,241
3270,0,14
3271,0,25
3272,0,122
3273,0,180
3274,0,69
3275,0,45
3276,0,49
3277,0,29
3278,0,38
3279,0,77
3280,0,89
3281,0,6
3282,0,75
3283,0,50
3284,0,163
3285,0,152
3286,0,4
3287,0,35
3288,0,89
3289,0,116
3290,0,36
3291,0,16
3292,0,39
3293,0,30
3294,0,60
3295,0,122
3296,0,60
3297,0,71
3298,0,9
3299,0,65
3300,0,59
3301,0,10
3302,0,160
3303,0,111
3304,0,3
3305,0,23
3306,0,50
3307,0,62
3308,0,525
3309,0,252
3310,0,71
3311,0,29
3312,0,19
3313,0,20
3314,0,78
3315,0,17
3316,0,104
3317,0,23
3318,0,287
3319,0,36
3320,0,227
3321,0,218
3322,0,11
3323,0,5
3324,0,4
3325,0,83
3326,0,37
3327,0,22
3328,0,6
3329,0,75
3330,0,81
3331,0,4
3332,0,267
3333,0,36
3334,0,8
3335,0,18
3336,0,51
3337,0,175
3338,0,35
3339,0,287
3340,0,73
3341,0,6
3342,0,36
3343,0,14
3344,0,46
3345,0,220
3346,0,21
3347,0,279
3348,0,9
3349,0,29
3350,0,37
3351,0,4
3352,0,21
3353,0,57
3354,0,34
3355,0,19
3356,0,15
3357,0,389
3358,0,9
3359,0,22
3360,0,155
3361,0,46
3362,0,75
3363,0,195
3364,0,229
3365,0,4
3366,0,68
3367,0,38
3368,0,30
3369,0,98
3370,0,29
3371,0,21
3372,0,19
3373,0,8
3374,0,75
3375,0,267
3376,0,66
3377,0,248
3378,0,20
3379,0,172
3380,0,5
3381,0,19
3382,0,158
3383,0,69
3384,0,13
3385,0,4
3386,0,281
3387,0,36
3388,0,128
3389,0,109
3390,0,19
3391,0,171
3392,0,91
3393,0,87
3394,0,5
3395,0,114
3396,0,26
3397,0,14
3398,0,57
3399,0,7
3400,0,27
3401,0,50
3402,0,38
3403,0,122
3404,0,32
3405,0,243
3406,0,75
3407,0,124
3408,0,281
3409,0,4
3410,0,79
3411,0,37
3412,0,50
3413,0,243
3414,0,38
3415,0,23
3416,0,73
3417,0,68
3418,0,29
3419,0,12
3420,0,102
3421,0,32
3422,0,29
3423,0,63
3424,0,8
3425,0,206
3426,0,267
3427,0,138
3428,0,3
3429,0,130
3430,0,288
3431,0,12
3432,0,26
3433,0,28
3434,0,46
3435,0,31
3436,0,69
3437,0,65
3438,0,6
3439,0,29
3440,0,222
3441,0,26
3442,0,37
3443,0,15
3444,0,5
3445,0,200
3446,0,83
3447,0,248
3448,0,13
3449,0,114
3450,0,31
3451,0,10
3452,0,58
3453,0,227
3454,0,211
3455,0,10
3456,0,18
3457,0,13
3458,0,52
3459,0,267
3460,0,72
3461,0,23
3462,0,21
3463,0,19
3464,0,37
3465,0,9
3466,0,93
3467,0,299
3468,0,19
3469,0,98
3470,0,208
3471,0,21
3472,0,26
3473,0,120
3474,0,4
3475,0,37
3476,0,195
3477,0,232
3478,0,9
3479,0,89
3480,0,52
3481,0,22
3482,0,38
3483,0,116
3484,0,59
3485,0,11
3486,0,22
3487,0,15
3488,0,99
3489,0,25
3490,0,5
3491,0,133
3492,0,8
3493,0,27
3494,0,99
3495,0,73
3496,0,292
3497,0,87
3498,0,62
3499,0,36
3500,0,108
3501,0,19
3502,0,91
3503,0,18
3504,0,18
3505,0,25
3506,0,5
3507,0,51
3508,0,208
3509,0,38
3510,0,21
3511,0,27
3512,0,42
3513,0,4
3514,0,42
3515,0,122
3516,0,171
3517,0,8
3518,0,31
3519,0,11
3520,0,12
3521,0,81
3522,0,38
3523,0,271
3524,0,19
3525,0,77
3526,0,24
3527,0,31
3528,0,27
3529,0,24
3530,0,8
3531,0,5
3532,0,97
3533,0,305
3534,0,61
3535,0,27
3536,0,30
3537,0,33
3538,0,29
3539,0,49
3540,0,32
3541,0,49
3542,0,234
3543,0,8
3544,0,37
3545,0,39
3546,0,162
3547,0,38
3548,0,10
3549,0,8
3550,0,23
3551,0,93
3552,0,54
3553,0,4
3554,0,85
3555,0,36
3556,0,5
3557,0,57
3558,0,4
3559,0,32
3560,0,260
3561,0,74
3562,0,11
3563,0,87
3564,0,165
3565,0,38
3566,0,124
3567,0,22
3568,0,15
3569,0,73
3570,0,9
3571,0,113
3572,0,12
3573,0,199
3574,0,254
3575,0,28
3576,0,4
3577,0,20
3578,0,69
3579,0,79
3580,0,3
3581,0,16
3582,0,163
3583,0,186
3584,0,8
3585,0,93
3586,0,15
3587,0,159
3588,0,19
3589,0,38
3590,0,9
3591,0,29
3592,0,66
3593,0,19
3594,0,260
3595,0,65
3596,0,246
3597,0,43
3598,0,14
3599,0,30
3600,0,197
3601,0,4
3602,0,94
3603,0,76
3604,0,171
3605,0,67
3606,0,34
3607,0,74
3608,0,117
3609,0,10
3610,0,21
3611,0,25
3612,0,28
3613,0,29
3614,0,4
3615,0,63
3616,0,75
3617,0,8
3618,0,29
3619,0,281
3620,0,260
3621,0,12
3622,0,4
3623,0,23
3624,0,183
3625,0,9
3626,0,59
3627,0,9
3628,0,10
3629,0,23
3630,0,11
3631,0,5
3632,0,83
3633,0,117
3634,0,17
3635,0,15
3636,0,206
3637,0,23
3638,0,8
3639,0,26
3640,0,113
3641,0,50
3642,0,29
3643,0,15
3644,0,23
3645,0,3
3646,0,31
3647,0,83
3648,0,15
3649,0,25
3650,0,19
3651,0,109
3652,0,154
3653,0,12
3654,0,22
3655,0,20
3656,0,37
3657,0,292
3658,0,21
3659,0,62
3660,0,62
3661,0,28
3662,0,68
3663,0,3
3664,0,19
3665,0,5
3666,0,59
3667,0,23
3668,0,149
3669,0,104
3670,0,26
3671,0,9
3672,0,137
3673,0,281
3674,0,127
3675,0,290
3676,0,31
3677,0,78
3678,0,106
3679,0,195
3680,0,3
3681,0,4
3682,0,153
3683,0,165
3684,0,18
3685,0,37
3686,0,36
3687,0,122
3688,0,44
3689,0,36
3690,0,170
3691,0,260
3692,0,183
3693,0,4
3694,0,63
3695,0,216
3696,0,68
3697,0,91
3698,0,9
3699,0,10
3700,0,62
3701,0,106
3702,0,58
3703,0,8
3704,0,24
3705,0,57
3706,0,44
3707,0,62
3708,0,131
3709,0,9
3710,0,34
3711,0,185
3712,0,9
3713,0,207
3714,0,95
3715,0,28
3716,0,85
3717,0,4
3718,0,44
3719,0,34
3720,0,28
3721,0,12
3722,0,35
3723,0,113
3724,0,220
3725,0,7
3726,0,4
3727,0,26
3728,0,305
3729,0,32
3730,0,13
3731,0,185
3732,0,202
3733,0,98
3734,0,21
3735,0,58
3736,0,78
3737,0,11
3738,0,10
3739,0,96
3740,0,38
3741,0,9
3742,0,4
3743,0,102
3744,0,206
3745,0,49
3746,0,9
3747,0,272
3748,0,9
3749,0,69
3750,0,63
3751,0,9
3752,0,30
3753,0,29
3754,0,4
3755,0,264
3756,0,68
3757,0,107
3758,0,280
3759,0,195
3760,0,11
3761,0,57
3762,0,13
3763,0,57
3764,0,23
3765,0,10
3766,0,130
3767,0,13
3768,0,155
3769,0,65
3770,0,17
3771,0,147
3772,0,80
3773,0,139
3774,0,31
3775,0,206
3776,0,14
3777,0,17
3778,0,101
3779,0,51
3780,0,68
3781,0,30
3782,0,69
3783,0,77
3784,0,18
3785,0,12
3786,0,9
3787,0,175
3788,0,31
3789,0,127
3790,0,29
3791,0,78
3792,0,36
3793,0,17
3794,0,13
3795,0,60
3796,0,292
3797,0,12
3798,0,252
3799,0,115
3800,0,24
3801,0,70
3802,0,35
3803,0,248
3804,0,85
3805,0,161
3806,0,14
3807,0,297
3808,0,305
3809,0,35
3810,0,220
3811,0,227
3812,0,36
3813,0,68
3814,0,254
3815,0,130
3816,0,222
3817,0,20
3818,0,28
3819,0,10
3820,0,181
3821,0,38
3822,0,292
3823,0,75
3824,0,12
3825,0,15
3826,0,69
3827,0,15
3828,0,19
3829,0,11
3830,0,29
3831,0,225
3832,0,14
3833,0,19
3834,0,31
3835,0,60
3836,0,70
3837,0,80
3838,0,7
3839,0,33
3840,0,33
3841,0,13
3842,0,30
3843,0,124
3844,0,10
3845,0,42
3846,0,38
3847,0,107
3848,0,12
3849,0,27
3850,0,145
3851,0,20
3852,0,30
3853,0,31
3854,0,55
3855,0,33
3856,0,184
3857,0,11
3858,0,59
3859,0,109
3860,0,232
3861,0,16
3862,0,78
3863,0,167
3864,0,50
3865,0,276
3866,0,127
3867,0,131
3868,0,77
3869,0,19
3870,0,27
3871,0,25
3872,0,225
3873,0,260
3874,0,21
3875,0,3
3876,0,36
3877,0,22
3878,0,133
3879,0,58
3880,0,18
3881,0,305
3882,0,130
3883,0,29
3884,0,15
3885,0,15
3886,0,44
3887,0,17
3888,0,92
3889,0,120
3890,0,29
3891,0,79
3892,0,18
3893,0,7
3894,0,35
3895,0,91
3896,0,3
3897,0,19
3898,0,273
3899,0,154
3900,0,10
3901,0,247
3902,0,146
3903,0,9
3904,0,117
3905,0,166
3906,0,100
3907,0,63
3908,0,281
3909,0,18
3910,0,10
3911,0,4
3912,0,73
3913,0,30
3914,0,4
3915,0,4
3916,0,43
3917,0,19
3918,0,3
3919,0,12
3920,0,32
3921,0,75
3922,0,86
3923,0,28
3924,0,20
3925,0,28
3926,0,38
3927,0,12
3928,0,10
3929,0,75
3930,0,122
3931,0,22
3932,0,10
3933,0,21
3934,0,33
3935,0,24
3936,0,195
3937,0,12
3938,0,68
3939,0,8
3940,0,29
3941,0,53
3942,0,75
3943,0,267
3944,0,20
3945,0,10
3946,0,138
3947,0,39
3948,0,34
3949,0,24
3950,0,35
3951,0,30
3952,0,40
3953,0,78
3954,0,37
3955,0,88
3956,0,97
3957,0,66
3958,0,134
3959,0,294
3960,0,93
3961,0,12
3962,0,19
3963,0,10
3964,0,43
3965,0,241
3966,0,79
3967,0,63
3968,0,77
3969,0,218
3970,0,23
3971,0,46
3972,0,29
3973,0,5
3974,0,86
3975,0,89
3976,0,40
3977,0,222
3978,0,50
3979,0,13
3980,0,6
3981,0,222
3982,0,8
3983,0,4
3984,0,68
3985,0,5
3986,0,12
3987,0,93
3988,0,109
3989,0,102
3990,0,331
3991,0,71
3992,0,44
3993,0,8
3994,0,20
3995,0,11
3996,0,318
3997,0,4
3998,0,61
3999,0,12
4000,0,80
4001,0,75
4002,0,9
4003,0,276
4004,0,12
4005,0,18
4006,0,22
4007,0,11
4008,0,57
4009,0,12
4010,0,19
4011,0,11
4012,0,28
4013,0,24
4014,0,292
4015,0,48
4016,0,19
4017,0,18
4018,0,21
4019,0,195
4020,0,17
4021,0,9
4022,0,53
4023,0,40
4024,0,29
4025,0,52
4026,0,18
4027,0,68
4028,0,86
4029,0,66
4030,0,23
4031,0,267
4032,0,20
4033,0,15
4034,0,99
4035,0,91
4036,0,46
4037,0,53
4038,0,6
4039,0,58
4040,0,26
4041,0,62
4042,0,44
4043,0,12
4044,0,292
4045,0,63
4046,0,100
4047,0,57
4048,0,35
4049,0,73
4050,0,75
4051,0,75
4052,0,38
4053,0,161
4054,0,36
4055,0,16
4056,0,19
4057,0,175
4058,0,66
4059,0,250
4060,0,65
4061,0,22
4062,0,227
4063,0,166
4064,0,55
4065,0,22
4066,0,29
4067,0,183
4068,0,180
4069,0,87
4070,0,305
4071,0,15
4072,0,28
4073,0,37
4074,0,104
4075,0,133
4076,0,25
4077,0,86
4078,0,65
4079,0,230
4080,0,67
4081,0,4
4082,0,149
4083,0,11
4084,0,16
4085,0,15
4086,0,19
4087,0,129
4088,0,180
4089,0,50
4090,0,40
4091,0,29
4092,0,525
4093,0,243
4094,0,108
4095,0,19
4096,0,57
4097,0,38
4098,0,50
4099,0,249
4100,0,292
4101,0,95
4102,0,41
4103,0,257
4104,0,66
4105,0,9
4106,0,46
4107,0,11
4108,0,46
4109,0,9
4110,0,4
4111,0,116
4112,0,40
4113,0,78
4114,0,12
4115,0,28
4116,0,184
4117,0,122
4118,0,39
4119,0,36
4120,0,264
4121,0,120
4122,0,232
4123,0,10
4124,0,4
4125,0,93
4126,0,51
4127,0,9
4128,0,227
4129,0,48
4130,0,69
4131,0,116
4132,0,26
4133,0,82
4134,0,46
4135,0,155
4136,0,60
4137,0,11
4138,0,3
4139,0,42
4140,0,63
4141,0,19
4142,0,303
4143,0,216
4144,0,20
4145,0,75
4146,0,33
4147,0,3
4148,0,249
4149,0,4
4150,0,109
4151,0,34
4152,0,267
4153,0,21
4154,0,15
4155,0,225
4156,0,63
4157,0,44
4158,0,9
4159,0,96
4160,0,55
4161,0,10
4162,0,155
4163,0,146
4164,0,281
4165,0,64
4166,0,20
4167,0,3
4168,0,70
4169,0,3
4170,0,22
4171,0,62
4172,0,133
4173,0,246
4174,0,199
4175,0,16
4176,0,26
4177,0,248
4178,0,64
4179,0,181
4180,0,51
4181,0,158
4182,0,133
4183,0,100
4184,0,55
4185,0,8
4186,0,59
4187,0,53
4188,0,65
4189,0,525
4190,0,5
4191,0,38
4192,0,87
4193,0,29
4194,0,165
4195,0,29
4196,0,16
4197,0,185
4198,0,156
4199,0,206
4200,0,30
4201,0,26
4202,0,68
4203,0,8
4204,0,303
4205,0,40
4206,0,29
4207,0,11
4208,0,104
4209,0,24
4210,0,49
4211,0,70
4212,0,55
4213,0,30
4214,0,112
4215,0,22
4216,0,15
4217,0,57
4218,0,14
4219,0,37
4220,0,18
4221,0,82
4222,0,19
4223,0,11
4224,0,134
4225,0,98
4226,0,8
4227,0,28
4228,0,80
4229,0,166
4230,0,11
4231,0,23
4232,0,25
4233,0,37
4234,0,27
4235,0,89
4236,0,26
4237,0,271
4238,0,38
4239,0,189
4240,0,26
4241,0,29
4242,0,6
4243,0,202
4244,0,21
4245,0,24
4246,0,63
4247,0,65
4248,0,15
4249,0,118
4250,0,10
4251,0,100
4252,0,28
4253,0,96
4254,0,232
4255,0,4
4256,0,250
4257,0,200
4258,0,89
4259,0,18
4260,0,42
4261,0,172
4262,0,5
4263,0,21
4264,0,67
4265,0,66
4266,0,72
4267,0,139
4268,0,246
4269,0,60
4270,0,29
4271,0,26
4272,0,5
4273,0,89
4274,0,12
4275,0,140
4276,0,122
4277,0,3
4278,0,17
4279,0,222
4280,0,44
4281,0,35
4282,0,28
4283,0,108
4284,0,4
4285,0,89
4286,0,11
4287,0,60
4288,0,99
4289,0,184
4290,0,29
4291,0,32
4292,0,12
4293,0,39
4294,0,10
4295,0,19
4296,0,57
4297,0,124
4298,0,245
4299,0,130
4300,0,127
4301,0,98
4302,0,109
4303,0,23
4304,0,13
4305,0,5
4306,0,122
4307,0,86
4308,0,19
4309,0,27
4310,0,68
4311,0,97
4312,0,87
4313,0,11
4314,0,3
4315,0,66
4316,0,87
4317,0,81
4318,0,80
4319,0,37
4320,0,68
4321,0,5
4322,0,47
4323,0,4
4324,0,116
4325,0,8
4326,0,18
4327,0,50
4328,0,11
4329,0,246
4330,0,37
4331,0,134
4332,0,248
4333,0,11
4334,0,17
4335,0,29
4336,0,10
4337,0,9
4338,0,4
4339,0,7
4340,0,21
4341,0,95
4342,0,183
4343,0,47
4344,0,5
4345,0,5
4346,0,40
4347,0,38
4348,0,19
4349,0,98
4350,0,25
4351,0,32
4352,0,83
4353,0,17
4354,0,128
4355,0,10
4356,0,4
4357,0,9
4358,0,202
4359,0,4
4360,0,87
4361,0,57
4362,0,305
4363,0,63
4364,0,11
4365,0,4
4366,0,281
4367,0,22
4368,0,149
4369,0,7
4370,0,63
4371,0,276
4372,0,110
4373,0,226
4374,0,98
4375,0,19
4376,0,869
4377,0,83
4378,0,3
4379,0,8
4380,0,233
4381,0,44
4382,0,82
4383,0,11
4384,0,91
4385,0,62
4386,0,72
4387,0,103
4388,0,21
4389,0,100
4390,0,38
4391,0,9
4392,0,20
4393,0,20
4394,0,109
4395,0,12
4396,0,185
4397,0,113
4398,0,281
4399,0,9
4400,0,281
4401,0,18
4402,0,267
4403,0,4
4404,0,3
4405,0,81
4406,0,59
4407,0,11
4408,0,100
4409,0,78
4410,0,28
4411,0,15
4412,0,18
4413,0,23
4414,0,24
4415,0,26
4416,0,5
4417,0,6
4418,0,107
4419,0,86
4420,0,75
4421,0,4
4422,0,249
4423,0,20
4424,0,16
4425,0,4
4426,0,26
4427,0,19
4428,0,273
4429,0,260
4430,0,51
4431,0,41
4432,0,276
4433,0,77
4434,0,20
4435,0,63
4436,0,4
4437,0,38
4438,0,183
4439,0,188
4440,0,9
4441,0,69
4442,0,26
4443,0,5
4444,0,69
4445,0,37
4446,0,22
4447,0,279
4448,0,3
4449,0,100
4450,0,164
4451,0,62
4452,0,38
4453,0,44
4454,0,15
4455,0,69
4456,0,91
4457,0,8
4458,0,69
4459,0,78
4460,0,40
4461,0,25
4462,0,83
4463,0,23
4464,0,68
4465,0,222
4466,0,93
4467,0,16
4468,0,23
4469,0,4
4470,0,34
4471,0,23
4472,0,9
4473,0,32
4474,0,23
4475,0,267
4476,0,36
4477,0,47
4478,0,80
4479,0,19
4480,0,11
4481,0,6
4482,0,49
4483,0,47
4484,0,130
4485,0,83
4486,0,173
4487,0,29
4488,0,9
4489,0,37
4490,0,30
4491,0,69
4492,0,9
4493,0,275
4494,0,87
4495,0,107
4496,0,155
4497,0,32
4498,0,198
4499,0,79
4500,0,3
4501,0,22
4502,0,43
4503,0,16
4504,0,6
4505,0,39
4506,0,4
4507,0,91
4508,0,85
4509,0,12
4510,0,102
4511,0,107
4512,0,12
4513,0,4
4514,0,82
4515,0,40
4516,0,10
4517,0,95
4518,0,4
4519,0,5
4520,0,44
4521,0,171
4522,0,37
4523,0,35
4524,0,286
4525,0,26
4526,0,19
4527,0,23
4528,0,525
4529,0,57
4530,0,19
4531,0,124
4532,0,9
4533,0,16
4534,0,92
4535,0,14
4536,0,179
4537,0,117
4538,0,406
4539,0,19
4540,0,81
4541,0,10
4542,0,37
4543,0,37
4544,0,14
4545,0,21
4546,0,278
4547,0,161
4548,0,3
4549,0,26
4550,0,29
4551,0,225
4552,0,138
4553,0,80
4554,0,91
4555,0,107
4556,0,79
4557,0,21
4558,0,11
4559,0,4
4560,0,293
4561,0,9
4562,0,53
4563,0,181
4564,0,181
4565,0,234
4566,0,185
4567,0,11
4568,0,83
4569,0,11
4570,0,69
4571,0,46
4572,0,129
4573,0,252
4574,0,115
4575,0,10
4576,0,42
4577,0,37
4578,0,36
4579,0,80
4580,0,315
4581,0,26
4582,0,104
4583,0,8
4584,0,114
4585,0,12
4586,0,135
4587,0,227
4588,0,29
4589,0,36
4590,0,96
4591,0,158
4592,0,89
4593,0,31
4594,0,30
4595,0,66
4596,0,37
4597,0,115
4598,0,128
4599,0,804
4600,0,39
4601,0,157
4602,0,98
4603,0,89
4604,0,13
4605,0,57
4606,0,33
4607,0,22
4608,0,19
4609,0,12
4610,0,65
4611,0,63
4612,0,19
4613,0,19
4614,0,78
4615,0,232
4616,0,59
4617,0,30
4618,0,326
4619,0,65
4620,0,18
4621,0,122
4622,0,18
4623,0,23
4624,0,179
4625,0,20
4626,0,27
4627,0,4
4628,0,21
4629,0,19
4630,0,56
4631,0,11
4632,0,18
4633,0,134
4634,0,8
4635,0,281
4636,0,75
4637,0,206
4638,0,330
4639,0,116
4640,0,36
4641,0,15
4642,0,81
4643,0,38
4644,0,29
4645,0,82
4646,0,4
4647,0,11
4648,0,50
4649,0,34
4650,0,38
4651,0,18
4652,0,185
4653,0,292
4654,0,33
4655,0,115
4656,0,88
4657,0,20
4658,0,15
4659,0,260
4660,0,37
4661,0,195
4662,0,88
4663,0,80
4664,0,25
4665,0,127
4666,0,32
4667,0,37
4668,0,79
4669,0,260
4670,0,16
4671,0,42
4672,0,57
4673,0,105
4674,0,113
4675,0,292
4676,0,19
4677,0,4
4678,0,16
4679,0,4
4680,0,24
4681,0,44
4682,0,99
4683,0,96
4684,0,87
4685,0,6
4686,0,86
4687,0,9
4688,0,24
4689,0,248
4690,0,6
4691,0,96
4692,0,14
4693,0,62
4694,0,31
4695,0,100
4696,0,274
4697,0,6
4698,0,122
4699,0,37
4700,0,20
4701,0,9
4702,0,89
4703,0,9
4704,0,166
4705,0,124
4706,0,39
4707,0,9
4708,0,26
4709,0,32
4710,0,174
4711,0,49
4712,0,60
4713,0,32
4714,0,222
4715,0,73
4716,0,281
4717,0,20
4718,0,5
4719,0,19
4720,0,57
4721,0,5
4722,0,11
4723,0,9
4724,0,260
4725,0,127
4726,0,290
4727,0,44
4728,0,38
4729,0,222
4730,0,240
4731,0,10
4732,0,9
4733,0,87
4734,0,188
4735,0,62
4736,0,75
4737,0,28
4738,0,38
4739,0,74
4740,0,164
4741,0,19
4742,0,31
4743,0,155
4744,0,11
4745,0,19
4746,0,4
4747,0,39
4748,0,53
4749,0,4
4750,0,52
4751,0,137
4752,0,18
4753,0,25
4754,0,30
4755,0,36
4756,0,21
4757,0,64
4758,0,80
4759,0,5
4760,0,188
4761,0,21
4762,0,4
4763,0,10
4764,0,92
4765,0,38
4766,0,19
4767,0,5
4768,0,52
4769,0,34
4770,0,80
4771,0,135
4772,0,86
4773,0,133
4774,0,121
4775,0,22
4776,0,12
4777,0,161
4778,0,63
4779,0,4
4780,0,25
4781,0,30
4782,0,22
4783,0,29
4784,0,89
4785,0,60
4786,0,23
4787,0,89
4788,0,69
4789,0,19
4790,0,15
4791,0,80
4792,0,27
4793,0,41
4794,0,11
4795,0,87
4796,0,25
4797,0,189
4798,0,11
4799,0,101
4800,0,64
4801,0,180
4802,0,72
4803,0,156
4804,0,11
4805,0,68
4806,0,11
4807,0,197
4808,0,215
4809,0,31
4810,0,29
4811,0,36
4812,0,10
4813,0,23
4814,0,9
4815,0,327
4816,0,9
4817,0,69
4818,0,22
4819,0,29
4820,0,8
4821,0,29
4822,0,335
4823,0,178
4824,0,28
4825,0,248
4826,0,196
4827,0,5
4828,0,10
4829,0,184
4830,0,11
4831,0,4
4832,0,75
4833,0,21
4834,0,122
4835,0,96
4836,0,19
4837,0,43
4838,0,179
4839,0,23
4840,0,37
4841,0,39
4842,0,65
4843,0,20
4844,0,12
4845,0,35
4846,0,28
4847,0,28
4848,0,149
4849,0,183
4850,0,39
4851,0,5
4852,0,4
4853,0,184
4854,0,62
4855,0,37
4856,0,46
4857,0,8
4858,0,79
4859,0,36
4860,0,66
4861,0,281
4862,0,90
4863,0,62
4864,0,18
4865,0,36
4866,0,305
4867,0,280
4868,0,15
4869,0,8
4870,0,15
4871,0,28
4872,0,20
4873,0,260
4874,0,271
4875,0,96
4876,0,86
4877,0,73
4878,0,37
4879,0,79
4880,0,75
4881,0,35
4882,0,281
4883,0,278
4884,0,21
4885,0,16
4886,0,78
4887,0,171
4888,0,10
4889,0,10
4890,0,38
4891,0,7
4892,0,44
4893,0,49
4894,0,11
4895,0,161
4896,0,63
4897,0,69
4898,0,5
4899,0,39
4900,0,133
4901,0,51
4902,0,128
4903,0,267
4904,0,174
4905,0,21
4906,0,101
4907,0,86
4908,0,46
4909,0,29
4910,0,39
4911,0,66
4912,0,83
4913,0,4
4914,0,89
4915,0,10
4916,0,4
4917,0,184
4918,0,109
4919,0,139
4920,0,12
4921,0,142
4922,0,95
4923,0,130
4924,0,9
4925,0,163
4926,0,5
4927,0,59
4928,0,225
4929,0,42
4930,0,111
4931,0,67
4932,0,61
4933,0,70
4934,0,91
4935,0,76
4936,0,62
4937,0,59
4938,0,19
4939,0,59
4940,0,8
4941,0,30
4942,0,248
4943,0,44
4944,0,83
4945,0,5
4946,0,127
4947,0,10
4948,0,75
4949,0,13
4950,0,48
4951,0,15
4952,0,38
4953,0,42
4954,0,122
4955,0,65
4956,0,4
4957,0,5
4958,0,104
4959,0,28
4960,0,130
4961,0,21
4962,0,161
4963,0,7
4964,0,30
4965,0,11
4966,0,21
4967,0,38
4968,0,97
4969,0,31
4970,0,9
4971,0,281
4972,0,4
4973,0,57
4974,0,46
4975,0,91
4976,0,159
4977,0,36
4978,0,176
4979,0,56
4980,0,206
4981,0,253
4982,0,64
4983,0,23
4984,0,17
4985,0,9
4986,0,11
4987,0,132
4988,0,60
4989,0,9
4990,0,55
4991,0,4
4992,0,66
4993,0,31
4994,0,33
4995,0,18
4996,0,52
4997,0,222
4998,0,303
4999,0,91
5000,0,15
5001,0,127
5002,0,19
5003,0,57
5004,0,75
5005,0,69
5006,0,17
5007,0,304
5008,0,3
5009,0,5
5010,0,122
5011,0,21
5012,0,19
5013,0,11
5014,0,28
5015,0,47
5016,0,19
5017,0,65
5018,0,10
5019,0,36
5020,0,36
5021,0,3
5022,0,4
5023,0,48
5024,0,31
5025,0,4
5026,0,66
5027,0,23
5028,0,12
5029,0,9
5030,0,83
5031,0,46
5032,0,238
5033,0,154
5034,0,9
5035,0,241
5036,0,26
5037,0,89
5038,0,80
5039,0,38
5040,0,65
5041,0,9
5042,0,227
5043,0,38
5044,0,162
5045,0,17
5046,0,205
5047,0,42
5048,0,81
5049,0,78
5050,0,299
5051,0,73
5052,0,53
5053,0,41
5054,0,9
5055,0,96
5056,0,8
5057,0,6
5058,0,5
5059,0,242
5060,0,121
5061,0,254
5062,0,22
5063,0,97
5064,0,30
5065,0,220
5066,0,211
5067,0,13
5068,0,35
5069,0,4
5070,0,50
5071,0,16
5072,0,15
5073,0,13
5074,0,20
5075,0,79
5076,0,44
5077,0,86
5078,0,70
5079,0,82
5080,0,42
5081,0,112
5082,0,200
5083,0,9
5084,0,44
5085,0,69
5086,0,24
5087,0,25
5088,0,115
5089,0,4
5090,0,267
5091,0,4
5092,0,64
5093,0,73
5094,0,8
5095,0,18
5096,0,65
5097,0,42
5098,0,99
5099,0,14
5100,0,5
5101,0,22
5102,0,307
5103,0,65
5104,0,10
5105,0,36
5106,0,19
5107,0,329
5108,0,13
5109,0,24
5110,0,216
5111,0,181
5112,0,252
5113,0,4
5114,0,5
5115,0,5
5116,0,10
5117,0,5
5118,0,11
5119,0,63
5120,0,166
5121,0,85
5122,0,11
5123,0,39
5124,0,13
5125,0,9
5126,0,63
5127,0,63
5128,0,44
5129,0,260
5130,0,69
5131,0,267
5132,0,9
5133,0,72
5134,0,15
5135,0,100
5136,0,31
5137,0,29
5138,0,81
5139,0,170
5140,0,254
5141,0,33
5142,0,214
5143,0,5
5144,0,40
5145,0,232
5146,0,31
5147,0,83
5148,0,31
5149,0,38
5150,0,242
5151,0,64
5152,0,13
5153,0,32
5154,0,11
5155,0,51
5156,0,40
5157,0,282
5158,0,9
5159,0,246
5160,0,75
5161,0,267
5162,0,220
5163,0,15
5164,0,37
5165,0,209
5166,0,4
5167,0,175
5168,0,14
5169,0,15
5170,0,105
5171,0,22
5172,0,98
5173,0,101
5174,0,29
5175,0,36
5176,0,23
5177,0,19
5178,0,17
5179,0,4
5180,0,267
5181,0,75
5182,0,30
5183,0,56
5184,0,77
5185,0,59
5186,0,100
5187,0,15
5188,0,133
5189,0,50
5190,0,4
5191,0,19
5192,0,267
5193,0,63
5194,0,51
5195,0,36
5196,0,5
5197,0,4
5198,0,12
5199,0,76
5200,0,66
5201,0,28
5202,0,55
5203,0,4
5204,0,9
5205,0,115
5206,0,154
5207,0,51
5208,0,63
